{"stats":{"minecraft:killed_by":{"minecraft:spider":1},"minecraft:custom":{"minecraft:time_since_rest":831,"minecraft:crouch_one_cm":95,"minecraft:sprint_one_cm":8155,"minecraft:play_time":4772,"minecraft:deaths":1,"minecraft:damage_taken":375,"minecraft:walk_one_cm":16318,"minecraft:sneak_time":14,"minecraft:mob_kills":3,"minecraft:jump":106,"minecraft:damage_dealt":383,"minecraft:leave_game":2,"minecraft:time_since_death":776,"minecraft:total_world_time":4772,"minecraft:fall_one_cm":2206,"minecraft:fly_one_cm":26416},"minecraft:mined":{"minecraft:grass":9,"minecraft:grass_block":4,"minecraft:dirt":2,"minecraft:tall_grass":11},"minecraft:picked_up":{"minecraft:wheat_seeds":1,"minecraft:mutton":2,"minecraft:dirt":6,"minecraft:white_wool":2},"minecraft:killed":{"minecraft:sheep":2,"minecraft:zombie":1},"minecraft:used":{"minecraft:dirt":5}},"DataVersion":3465}