{"stats":{"minecraft:used":{"minecraft:dirt":5},"minecraft:picked_up":{"minecraft:wheat_seeds":1,"minecraft:mutton":2,"minecraft:dirt":6,"minecraft:white_wool":2},"minecraft:killed":{"minecraft:sheep":2,"minecraft:zombie":1},"minecraft:custom":{"minecraft:time_since_rest":127574,"minecraft:crouch_one_cm":168,"minecraft:sprint_one_cm":8488,"minecraft:play_time":131515,"minecraft:damage_taken":465,"minecraft:deaths":1,"minecraft:walk_one_cm":18136,"minecraft:sneak_time":25,"minecraft:mob_kills":3,"minecraft:jump":126,"minecraft:damage_dealt":429,"minecraft:leave_game":12,"minecraft:time_since_death":127519,"minecraft:total_world_time":131515,"minecraft:fall_one_cm":2206,"minecraft:fly_one_cm":44482},"minecraft:mined":{"minecraft:grass":9,"minecraft:grass_block":4,"minecraft:dirt":2,"minecraft:tall_grass":11},"minecraft:killed_by":{"minecraft:spider":1}},"DataVersion":3465}